{"cameraMode":{"drawMode":0,"name":"Shaded","section":"Shading Mode"},"sceneLighting":true,"audioPlay":false,"sceneViewState":{"showFog":true,"showMaterialUpdate":false,"showSkybox":true,"showFlares":true,"showImageEffects":true,"showParticleSystems":true},"in2DMode":false,"pivot":{"x":7.101438522338867,"y":8.961480140686036,"z":-9.825180053710938},"rotation":{"x":0.2026720643043518,"y":0.30318695306777956,"z":-0.06611751765012741,"w":0.9288947582244873},"size":22.0,"orthographic":false}